window_id,word
0,oleeey
0,choldaiin
0,otechy
0,doiir
0,sheek
0,okalor
0,shs
0,oloraiin
0,lkeody
0,opair
0,olcheo
0,cheolkaiin
0,okcheey
0,dyteey
0,paiir
0,qodeedy
0,olkchey
0,otedaiin
0,qoair
0,sheolkain
0,qopcheody
0,alkeedy
0,arshey
0,qofchdy
0,otydy
0,shdair
0,qokalchdy
0,chekeedy
0,torchey
0,teeedy
0,dcheos
0,toky
0,opshedy
0,odaly
0,yches
0,pchodar
0,sheain
0,arom
0,soiiin
0,dychol
0,dyty
0,chekaiin
0,ytchol
0,shepchy
0,shekey
0,ytchody
0,saim
0,oteotey
0,okalody
1,lol
1,cthoiin
1,shoky
1,olsheedy
1,sheety
1,qokear
1,sheckhey
1,dolor
1,qoain
1,oar
1,chkaiin
1,sheeo
1,sh
1,qokeo
1,ockhey
1,pchol
1,okear
1,oteo
1,pchedal
1,ychedy
1,okechy
1,shdal
1,chty
1,qokshy
1,shal
1,opar
1,ockhedy
1,choaiin
1,olkchedy
1,dsheedy
1,qodal
1,cheodal
1,qotair
1,chcthhy
1,olkchy
1,ols
1,dairar
1,cheeey
1,chodar
1,chcphy
1,qopaiin
1,okoldy
1,chs
1,qokeeor
1,chdam
1,lcho
1,cholkaiin
1,teeody
1,lkal
1,chtal
1,chyky
1,dshey
1,lain
1,qoteo
1,ary
1,kcheey
1,okshedy
1,otchar
1,chotain
1,oleey
1,qoteeody
1,chkol
1,qotchar
1,todaiin
1,chotchy
1,chefchy
1,cheoky
1,ykeeody
1,m
1,okarar
1,keodaiin
1,p
1,dalar
1,ykaly
1,qolsheedy
2,cholchedy
2,chsey
2,oeees
2,sho:al
2,lokeedy
2,sshey
2,lkchdy
2,she:?y
2,yteeody
2,qocthey
2,chokor
2,opcheedy
2,sairol
2,fchor
2,fchdy
2,okchd
2,shtchy
2,alody
2,olal
2,lkchy
2,ofal
2,ofar
2,otedain
2,qoteedar
2,sholkeedy
2,checthey
2,oteedaiin
2,lched
2,loeees
2,olkeear
2,alkey
2,cheom
2,cky
2,chcthal
2,rcheey
2,oloiin
2,chckhd
2,lchedar
2,pchody
2,pchar
2,saly
2,oteeedy
2,shekchy
2,dchokchy
2,g
2,ykoiin
2,cthodaiin
2,chekedy
2,odaiiin
2,cphar
2,sols
2,olfchedy
2,shodal
2,okeodar
2,qolky
2,kshedy
2,pshol
3,lrain
3,ly
3,dairin
3,chls
3,opor
3,qorain
3,qotch:eey
3,shokeey
3,pcheor
3,okan
3,cheeodam
3,cphaiin
3,lkechedy
3,dchdar
3,lcheo
3,saraiir
3,oy
3,cpheor
3,alkaiin
3,qoeeo
3,korchy
3,olkeeedy
3,cholky
3,rody
3,sheoal
3,cheokchy
3,lkam
3,okochey
3,alkal
3,kalkal
3,qotyshey
3,rolkeedy
3,solkedy
3,qokechedy
3,qolcheedy
3,soaiin
3,ltain
3,cholkedy
3,qotl
3,cheeal
3,okary
3,lsheol
3,ykcheor
3,otcham
3,qokeedain
3,qolcheey
3,sham
3,oteedar
3,tshy
3,okos
3,ksheo
3,chkor
3,sholor
3,otchdal
3,qotshy
3,shd
3,tsho
3,ofchy
3,tshol
3,orcheey
3,@172;
3,koldy
3,rsheedy
3,lcheckhy
4,sha
4,oleeol
4,oair
4,qcthy
4,chopchdy
4,chool
4,cheokam
5,kam
5,qokeedal
5,qoeeol
5,osal
5,shokey
5,lkeeor
5,lcheody
5,qkain
5,charaiin
5,qotedor
5,qokeochy
5,pcheey
5,dairody
5,ykeeedy
5,ksheeol
5,okche:eeey
5,o:al
5,ykchey
5,aiy
5,lfchy
5,pchodain
5,okolchedy
5,opcheody
5,qofcheol
5,airol
5,cheedain
5,olteody
5,otcheody
5,chokeeey
5,chot
5,opolaiin
5,chotam
5,lpchdy
5,chteey
5,kchod
5,ytodaiin
5,t
5,orsheey
5,sary
5,rchey
6,shok
6,tcheor
6,qolkeey
6,shockhy
6,osaiin
6,tshdy
6,chary
6,cheedar
6,par
6,chdor
6,lkeed
6,opaiin
6,lal
6,olr
6,soin
6,qokedain
6,sheodal
6,qolaiin
6,qokeeodaiin
6,keear
6,lkeeedy
6,qokeal
6,pchodol
6,cfhy
6,chckhaiin
6,chetar
6,ychear
6,skaiin
6,dalaiin
6,opy
6,chtol
6,cphy
6,ytaly
6,da
6,otshy
6,ckheody
6,chokchol
6,x
6,dalal
6,okalchy
6,otalam
6,loly
6,olshdy
6,tos
7,yor
7,qopchar
7,aiiraly
7,otarar
7,dcheedy
7,fol
7,sokeey
7,ycheeor
7,lcheam
7,pchocthy
7,lokam
7,shkeody
7,far
7,solkain
7,qokaram
7,opalor
7,qosain
7,sodaiin
7,schy
7,das:r
7,kchaiin
7,aim
7,so
8,dol
8,qokechy
8,char
8,oteedy
8,qokey
8,shor
8,ain
8,soiin
8,keeey
8,sheor
8,okchor
8,ydain
8,sheky
8,ykar
8,sheeky
8,kal
8,chdar
8,olor
8,qoeedy
8,chekal
8,lshedy
8,otchedy
8,rain
8,kedy
8,kshdy
8,oteeol
8,chod
8,qodar
8,kcheol
8,choly
8,sholdy
8,ykeody
8,ydaiin
8,oain
8,qotey
8,qotain
8,lkeeody
8,shety
8,qopchey
8,qopchdy
8,qokam
8,lcheey
8,qokeed
8,qopchedy
8,shedaiin
8,odaiin
8,cheokeey
8,shar
8,ochedy
8,ytaiin
8,shodaiin
8,shaiin
8,cheeos
8,okeeedy
8,teedy
8,laiin
8,oteodar
8,lkol
8,qopchy
8,ytar
8,schedy
8,oeedy
8,otos
8,okedaiin
8,cheoar
8,oteeey
8,alom
8,aldy
8,chokedy
8,oteeody
8,cheam
8,arain
8,qotchor
8,choiin
8,qokechdy
8,ldy
8,cham
8,olchy
8,ytchey
8,olkey
8,cthar
8,tchy
8,ytchor
8,dan
8,ykchol
8,ytal
8,okchar
8,daim
8,qolshedy
8,dolshedy
8,olkchdy
9,sorain
9,qoteeey
9,ysheeody
9,chdaly
9,ycheod
9,qocphdy
9,rodam
9,okolchey
9,toror
9,alod
10,qolcheol
10,sheocphy
10,soral
10,sheam
10,choror
10,oldor
10,ycheeody
10,olaly
10,qckhedy
10,odl
10,cheoraiin
10,opchol
10,okeedain
10,sheeckhy
10,olam
10,ckhar
10,dsheo
10,chokam
10,airoy
10,ychedar
10,chetaiin
10,ctheod
10,chekody
10,choldam
10,@170;
10,@171;
10,c
10,ltaiin
11,polchdy
11,doaiin
11,toiin
11,fcheody
11,octheody
11,cpheo
11,otaldar
11,lkaiir
11,shkar
11,olos
11,chtaiin
11,yaiin
11,checkhed
11,oteain
11,ychedal
11,keeeol
11,<!next
11,lkshey
11,teeodaiin
11,sodal
11,ychy
11,opydy
11,araly
11,ofaiin
12,arar
12,arody
12,raraiin
12,chekain
12,qokchd
12,rshedy
12,oteor
12,chokeol
12,chekeey
12,cthedy
12,qoeol
12,qokeechy
12,chpchy
12,tshey
12,chepchy
12,olsheey
12,olkeeey
12,opchey
12,lteedy
12,olcheey
12,tain
12,tair
12,daram
12,cheeo
12,shed
12,pchedar
12,otechdy
12,psheody
12,oltedy
12,ykair
12,lkeol
12,shecphy
12,shear
12,chodal
12,lkeeol
12,tody
12,lkeeey
12,okedal
12,qokeeos
12,lkedain
12,checkhey
12,qokalor
12,dchy
12,qokshedy
12,yteeey
12,alaiin
12,ety
12,lsheedy
12,qopchol
12,kody
12,yshedy
12,ldar
12,ckhody
12,ykol
12,qoko
12,cthom
12,qocthedy
12,qopar
13,chotols
13,toaiin
13,qoted
13,sairy
13,cheokeol
13,tchedor
13,kcheo
13,salo
13,dchydy
13,shdaiin
13,qokcheo
13,saral
13,darary
13,lchl
14,qolkeedy
14,oldy
14,ror
14,sheoky
14,shoikhy
14,cheodaiin
14,sy
14,ykeeol
14,chocthey
14,oldar
14,ctheol
14,qokchey
14,olcheol
14,qoteor
14,choraiin
14,okeeos
14,chockhey
14,shek
14,cheoty
14,okedar
14,qoedy
14,shdar
14,chsky
14,otshedy
14,olkeol
14,oteeam
14,otaly
14,lo
14,qotam
14,olkeeody
14,orair
14,cheodain
14,qotsheod
14,qoiiin
14,yteody
14,paiin
14,oees
14,shees
14,chotar
14,shosaiin
14,ykain
14,rolchy
14,rary
14,chckhedy
14,chekar
14,daldaiin
14,dcheol
14,qoal
14,octhody
14,shekal
14,chkeey
14,shedal
14,shckhey
14,chetain
14,dody
14,qokeees
14,shee
14,qotcho
14,qokod
14,od
14,dchol
14,qolchey
14,kshy
14,dchor
14,otchol
14,chydy
14,ctholy
14,qokees
14,dalor
14,ees
14,alchey
14,olteedy
15,sarol
15,ycheeo
15,sheeor
15,okeoly
15,odam
15,qokeos
15,por
15,chep
15,lolshedy
15,cholkeey
15,ch'eey
15,olchar
15,chedam
15,dl
15,qopcheedy
15,qoteed
15,lsheody
15,orcheos
15,oteodaiin
15,oteed
15,cheockhy
15,lteey
15,otaram
15,sheees
15,okalchedy
15,tedam
15,qokeedar
15,okedain
15,ordain
15,qotees
15,qokeain
15,ykeeor
15,lchol
15,shokchy
15,qop
15,qodair
15,cheocthy
15,lkor
15,ldaiin
15,ckhal
15,dshy
15,ykam
15,dchey
15,shom
15,eedy
15,cheoldy
15,chokeody
15,dalchey
15,ydy
15,chek
15,cthhy
15,cthdy
15,qocheey
15,cheytal
15,schdy
16,tchoky
16,shoteeody
16,okcheody
16,sarain
16,opdaiin
16,osain
16,okchom
16,ychody
16,chotom
16,ycho
16,r:s
16,okydy
16,okom
16,ycheoky
16,tchodaiin
17,du
17,cheokal
17,lchg
17,okarol
17,qokeeodar
17,dardy
17,dytchy
17,okchan
17,soshy
17,sheokey
17,salar
17,okolar
18,chosaiin
18,yteor
18,eeey
18,ksheody
18,shekain
18,loiin
18,rorol
18,pchdair
18,qodam
18,olkeechy
18,ry
18,oekeody
18,ylkaiin
18,ail
18,okairy
18,qolkaiin
18,daiim
18,qoiin
18,cheokey
18,sheokaiin
18,dairal
18,ofchedy
18,qofchol
18,qocthy
18,alain
18,taraiin
18,chkaly
18,opchsd
18,lokeey
18,r:saiin
18,kedar
18,shodain
18,sshedy
18,alal
18,chckhal
18,cheety
18,okchaiin
18,qoteeol
18,dalchdy
18,otcheodaiin
18,sotey
18,choar
18,qokchar
18,chols
18,solkaiin
18,ykees
18,shkain
18,ytshy
18,otchody
18,ckhaiin
18,oro
18,dcheor
18,otshol
18,yto:al
18,choteol
18,qokoiin
18,lodaiin
18,tam
18,yteos
18,solchey
19,above
20,ol
20,daiin
20,dy
20,aiin
20,okaiin
20,arol
20,okeey
20,qol
20,qokeey
20,qoty
20,chor
20,chey
20,chedy
20,pol
20,otar
20,okor
20,okal
20,oky
20,chodaiin
20,qotal
20,ar
20,kar
20,qokaiin
20,okeedy
20,shedy
20,chol
20,cheey
20,otam
20,oteey
20,olkeey
20,qo
20,qokain
20,chdy
20,cheal
20,dar
20,kchy
20,choky
20,shy
20,qokchy
20,or
20,chcthy
20,chy
20,qotol
20,s
20,oty
20,qotchy
20,kol
20,sho
20,y
20,cthol
20,ckhey
20,o
20,lor
20,otol
20,qokal
20,qokair
20,oiin
20,lkain
20,sheckhy
20,dal
20,sain
20,olkeedy
20,chedol
20,shckhy
20,sheeol
20,sheey
20,lchey
20,qoky
20,shecthy
20,qoteey
20,dair
20,olol
20,dchdy
20,tedy
20,olain
20,keey
20,cheor
20,oraiin
20,qoteody
20,okeol
20,ches
20,okeor
20,chear
20,qoor
20,kchey
20,shocthy
20,orain
20,okeody
20,sheo
20,sheody
20,oteody
20,cho
20,okeeey
20,ot
20,okeeody
20,otey
20,lkeedy
20,chain
20,yteey
20,qokshey
20,otody
20,qotaiin
20,opchdy
20,sheos
20,air
20,chedaiin
20,qokchol
20,qokl
20,ched
20,chocthy
20,tchdy
20,ykaiin
20,okchedy
20,okchey
20,okees
20,ytchy
20,qokeeody
20,dchedy
20,lkchedy
20,ytchdy
20,chdal
20,choty
20,dalam
20,chokchy
20,teey
20,qolchedy
20,ty
20,qopy
20,dshdy
21,oteod
21,ychain
21,alched
21,orom
21,ypair
21,chtl
21,lty
21,okalam
21,cheokedy
21,polal
21,octhdy
21,e
21,qcphhedy
22,ctheo
22,ota
22,???
22,ysheod
22,charain
22,aiinal
22,okeam
22,tarar
22,chkchol
22,als
22,opydaiin
22,pchodaiin
22,dydy
22,f
22,cheoal
22,chealy
23,oekey
23,oeeor
23,shyy
23,qoeeda
23,ockhhy
23,dolchedy
23,daiiral
23,pochedy
23,opalal
23,okeeom
23,alkeey
23,pchedain
23,cheykaiin
23,oeesaiin
23,qekor
23,chotchdy
23,ypaim
23,cthodal
23,chodchy
23,daror
23,chepchedy
23,poiin
23,cheoy
24,oiir
24,ls
24,qoeees
24,cpheodar
24,oldam
24,sheoy
24,qokeod
24,qoeeody
24,qoekeey
24,otoy
24,shkaiin
24,cheykain
24,dsheey
24,darchedy
24,otaraiin
24,chtain
24,cheedaiin
24,cheolor
24,okeedal
24,ykchdy
24,olkair
24,oeedaiin
24,teedar
24,olpchedy
24,pchor
24,chedor
24,lkshedy
24,shokaiin
24,okshy
24,opol
24,otalal
24,otary
24,ofchdy
24,qekeey
24,cholkeedy
24,shedam
24,okechedy
24,sheaiin
24,ykeeey
24,polshy
24,alor
24,sheodaiin
24,qotody
24,oko
24,oror
24,qoteeedy
24,qotchd
24,qotshedy
24,chll
24,do:ar
24,chlol
24,cthal
24,ochol
24,cholody
24,dykaiin
24,ykey
24,okeshy
24,ckheos
24,otshey
24,kchos
24,dcho
24,dalol
24,salchedy
24,shekaiin
25,chokchey
25,okaraiin
25,olsheed
25,oeear
25,olched
25,lchody
25,qotchedar
25,cheed
25,ykeeos
25,otcheey
25,airody
25,laiiin
25,sodar
25,okcho
25,okeees
25,otodal
25,ofchey
25,aikhy
25,alky
25,okeeam
25,qokeeaiin
25,chcfhy
25,ckhedy
25,checphey
25,cheoaiin
25,pchdol
25,tcheo
25,cholches
25,opain
25,orshy
25,dalchy
25,okeom
25,ctha:or
25,cthain
25,ckham
25,sokeedy
26,ykolairol
26,okeeeody
26,toy
26,chokchaiin
26,pshdar
26,okechey
26,dsheody
27,shockhey
27,otch
28,oithy
28,chotor
28,sheokeey
28,cholaiin
28,olshy
28,pchdar
28,cheodar
28,alam
28,cholcheol
28,lcheod
28,ysheor
28,ytoiin
28,qochedy
28,cheorol
28,kshar
28,otalar
28,cholal
28,kaiiin
28,lolkaiin
28,arodl
28,okeear
28,otedal
28,ochey
28,qotoiin
28,lam
28,cheytain
28,orchedar
28,checkhol
28,qokcheey
28,opchear
28,pcheos
28,doiiin
28,oldal
28,alodaiin
28,ychees
28,lg
28,yol
28,sody
28,okoly
28,otoldy
28,dair:in
28,oeeeos
28,ypchdy
28,okedor
28,chochy
28,yto
28,kchody
28,odair
28,oteodal
29,choko
29,ltary
29,oshedy
29,shaikhy
29,oteal
29,olcheeey
29,airod
29,qotechy
29,chorol
29,araiiin
29,alkam
29,opched
29,qotolchy
29,cholkeeey
29,pchey
29,qolshy
29,okedam
29,okoraiin
29,chokeedy
29,qckhy
29,qoteal
29,shty
29,odeedy
29,shkair
29,ysheol
29,keechey
29,podair
29,chdair
29,olkees
29,cphor
29,tshor
29,dyky
29,chcthody
29,sholy
29,tcheol
29,v
29,darol
29,okodar
29,oroly
29,deeedy
29,okcheor
30,torshor
30,pairar
30,cholkain
30,okchedam
30,saiir
30,okolshy
30,yfchey
31,oal
31,chockhar
31,qokchal
31,loty
31,oteaiin
31,pchear
31,g:m
31,opchor
31,shotchy
31,qokaral
31,yksheol
31,ycheain
31,chpal
31,lkedal
31,oedy
31,lchedam
31,shechy
31,oteodain
31,chctham
31,pchdaiin
31,oaral
31,cholchey
31,sheeod
31,qoeear
31,daar
31,alches
31,ok
31,podaiin
31,ytair
31,pcheodar
31,yair
31,aldaiin
31,otoar
31,dykchy
31,daraiiin
32,tshedar
32,okodaiin
32,otear
32,opam
32,pcholky
32,okaram
32,polor
32,dcheeos
32,choto
32,ychekchy
32,chokshor
32,pshedy
32,otory
32,dshees
33,pcheol
33,sor
33,raiin
33,akain
33,tchdor
33,dsho
33,cthey
33,qokchdy
33,keor
33,kchol
33,odal
33,d
33,shky
33,ysheey
33,kshey
33,yched
33,olshey
33,chkedy
33,lr
33,olaiin
33,qokeol
33,cheeor
33,choy
33,sholdaiin
33,ycheol
33,okshey
33,keeol
33,chos
33,okeal
33,cheekey
33,pchdy
33,opcheol
33,polchedy
33,kain
33,shedain
33,lsheey
33,sheeey
33,okechdy
33,chokaiin
33,olkam
33,chl
33,octhy
33,chokar
33,qotaly
33,kcheody
33,qotchdy
33,shod
33,chokain
33,qody
33,qoked
33,opchedaiin
33,olkal
33,oin
33,lar
33,qofchedy
33,otedar
33,lkey
33,ycheedy
33,cholor
33,chaiin
33,ykchedy
33,chkain
33,oteos
33,qokaldy
33,lcheol
33,okchdy
33,olkain
33,okoiin
33,qokeeol
33,qotchol
33,qot
33,ytey
33,dcheey
33,sheckhedy
33,yky
33,tchor
33,rchedy
33,tchol
33,sheeeky
33,qokeeedy
33,ckhor
33,olchdy
33,tey
33,ykor
33,otcho
33,sos
33,chetey
33,ykal
33,cphey
33,chaly
34,qockheol
34,airam
34,qkol
34,opchy
34,odeeey
34,polarar
34,shkchy
34,qokshdy
34,chalkar
34,kchdal
34,lod
34,qocheol
34,qocky
34,oleedy
34,chlar
34,kairam
34,shotchey
34,chokchedy
34,loeey
34,cheary
34,otes
34,oikhy
34,qokeeod
34,sheekeey
34,chechey
34,shalky
34,okalaiin
34,opary
34,lody
34,qokcheody
34,oor
34,qokeedaiin
34,chcphedy
34,qos
34,schor
34,ydal
34,qodchy
34,sha:or
34,cto
34,chocphy
34,todal
34,okiin
34,shocfhy
35,ykeol
35,cheody
35,okain
35,orol
35,lshey
35,qokeedy
35,shey
35,yshey
35,cheedy
35,al
35,lchedy
35,sheod
35,cheol
35,kchedy
35,chedal
35,qokedy
35,qokar
35,otchor
35,cthy
35,chckhy
35,otor
35,otal
35,ykedy
35,yty
35,shol
35,tchey
35,chan
35,qotar
35,sheedy
35,lkar
35,qotedy
35,qokchedy
35,chedar
35,oral
35,ykeey
35,olchedy
35,shcthy
35,ykeedy
35,chal
35,olchey
35,ytain
35,pchedy
35,qockhol
35,okey
35,am
35,okeeol
35,qokeor
35,qodaiin
35,ytol
35,she
35,aral
35,odain
35,qockhey
35,okchy
35,okedy
35,lkaiin
35,checkhy
35,opchedy
35,qochey
35,kaiin
35,oly
35,qotchedy
35,odar
35,qotor
35,aiir
35,ram
35,tal
35,sair
35,tchedy
35,aiiin
35,dshedy
35,kair
35,lky
35,keedy
35,chky
35,olkar
35,keol
35,cthor
35,do
35,cphol
35,daly
36,o>
36,cheokeeo
37,sheol
37,saiin
37,okar
37,ssheey
37,sar
37,qokeeey
37,sheal
37,otain
37,otedy
37,pair
37,otaiin
37,oteeo
37,otchey
37,cheo
37,qoteedy
37,otchy
37,kchor
37,chody
37,oiiin
37,kor
37,keody
37,qor
37,tol
37,olar
37,chety
37,checthy
37,daiir
37,qoaiin
37,okaldy
37,alkain
37,shody
37,sal
37,teol
37,ctheey
37,okeeor
37,dor
37,rar
37,odor
37,chees
37,okody
37,qockhy
37,oldaiin
37,okeo
37,ody
37,qoteol
37,sol
37,cheos
37,ycheey
37,ckhy
37,okeeo
37,shdy
37,lkeey
37,okam
37,okaral
37,qokaly
37,yteedy
37,olkedy
37,lkedy
37,otchdy
37,qodain
37,taiin
37,okair
37,cheeol
37,olkaiin
37,rol
37,qokor
37,chdaiin
37,okaiir
37,ytedy
37,otair
37,tchar
37,ltedy
37,qotchey
37,ytor
37,olky
37,cthody
37,schol
37,qotshey
37,ctho
38,chso
38,sydy
38,qokarary
38,dcheo
38,poraiin
38,sheocthy
38,dalkar
38,otan
38,okeedar
38,otairor
38,ycheoraiin
38,cheocphey
38,airal
38,chlal
38,chopchy
38,tshod
38,okeodain
38,polar
38,oteedal
38,dairam
38,shkchedy
38,chd
38,totol
38,octhos
38,ykcho
38,chordy
38,qokorar
38,daky
38,cheeb
38,saldy
38,shkeey
38,olkol
38,okolaiin
39,otalsy
39,qotarain
39,line
39,kcheodaiin
39,oykeey
40,rshey
40,qopcheey
40,cheodor
40,keeody
40,okchody
40,odeey
40,soiir
40,shoar
40,lshor
40,qotshdy
40,qokan
40,aky
40,kary
40,opchar
40,orar
40,chotedy
40,qotcheo
40,qockheey
40,as
40,yshor
40,ytchedy
40,qokedaiin
40,ky
40,qokaiir
40,otchod
40,cheoly
40,aiiny
40,okalal
40,aly
40,qopshedy
40,solshedy
40,opchal
40,okaiiin
40,otedam
40,tshedy
40,ch
40,qaiin
40,keedal
40,olkechy
40,sheed
40,qeey
40,ochor
40,ochos
40,alar
40,shoaiin
40,lpchedy
40,okchdar
40,qokaiinos
40,qotedaiin
40,dals
40,darom
40,cheolkain
40,qopor
40,lom
40,tchody
40,shoty
40,ypchor
40,dydydy
40,okchal
40,dchal
40,dory
40,chetchy
40,chotey
40,toar
40,kaldy
40,lchor
40,qokchod
40,qokas
40,dalshdy
40,teodar
40,cfhol
40,oto
40,sam
40,chcphhy
40,solshey
40,roiin
40,orshedy
41,olcho
41,cheodam
41,loiiin
41,oteeal
41,lraiin
41,qoteeo
41,qotcheedy
41,shl
41,ycheodain
41,raram
41,cheolkeedy
41,chckhhy
41,olcheody
41,sheekar
41,qopal
41,cheaiin
41,oeeos
41,dalom
41,dlar
41,dalo
41,ykshy
41,daiindol
41,dom
41,ydair
41,ypchy
41,ysho
41,okolchy
41,qoto
41,chetedy
41,q'o
41,ckhos
41,keeo
42,cfhey
42,olsho
42,olfchey
42,odr
42,ychedaiin
42,daiindy
42,aildy
42,sarar
42,otaral
42,shchy
42,tolshey
42,otaldal
42,rodaiin
42,polched
42,torchy
42,choor
42,kan
42,pchy
42,cthyd
42,oksho
42,chorain
42,ykeos
42,@169;v
42,dshol
42,qoka:ol
42,solkeey
42,ld
43,qokol
43,l
43,olkeeo
43,chedain
43,alkar
43,r
43,ykchy
43,cheky
43,dain
43,cthaiin
43,chom
43,tor
43,okol
43,alchedy
43,qolshey
43,cheeky
43,olshedy
43,chockhy
43,chckhey
43,chokeey
43,chkey
43,oteol
43,ckheey
43,ory
43,qoeey
43,daiiin
43,qokeody
43,os
43,qokeeo
43,doiin
43,oaiin
43,dam
43,ychey
43,oteeos
43,okchol
43,ctheor
43,qoeeey
43,daldy
43,qoy
43,okaly
43,tar
43,shedar
43,lchdy
43,fchedy
43,alol
43,ral
43,chckhdy
43,cheeody
43,ypchedy
43,chkar
43,araiin
43,ypar
43,otodaiin
43,chkal
43,om
43,qcthhy
43,eees
43,qokedar
43,chorchy
43,dary
43,chr
43,qotedal
43,shcthey
43,lkchey
43,chotaiin
43,chdain
43,oram
43,otees
43,chekey
43,qokcho
43,chykchy
43,shes
43,choteey
43,dalshedy
44,oteeor
44,olcheor
44,qool
44,ysaiin
44,sheeody
44,ocheey
44,sheekchy
44,ro
44,raly
44,dlchd
44,chodain
44,lsaiin
44,qodeey
44,cheesy
44,ltal
44,aror
44,soraiin
44,qockhedy
44,lcheor
44,qokeeal
44,rair
44,lcheal
44,qokeear
44,tarol
44,saraiin
44,olo
44,qotedar
44,dyoty
44,chcfhhy
44,oeeey
44,soly
44,chtchy
44,ochy
44,teodal
44,qoly
44,chcphey
45,chady
45,oeeody
45,otorchy
45,n
45,yk
46,lshy
46,sheockhey
46,olsheody
46,teeol
46,ykeor
46,aithy
46,okeod
46,qok
46,choldy
46,ycheor
46,teody
46,lcheedy
46,okeeshy
46,qoar
46,chcthedy
46,otoly
46,cheekain
46,lchal
46,cheod
46,qokdy
46,qokedal
46,cphedy
46,lkl
46,cholkal
46,ykeeo
46,chotal
46,qokshd
46,dairy
46,cheyky
46,qeeey
46,qekchdy
46,otalaiin
46,shokal
46,dalkedy
46,tedain
46,shain
46,lchar
46,solkeedy
46,cheeteey
46,los
46,lchy
46,dalchedy
46,shos
46,ksho
46,chkchy
46,orchey
46,@243;
46,dchaiin
46,deey
46,dshor
46,qokody
46,chokol
46,olsheol
46,okeos
46,ytody
46,qolkain
46,k
46,chokal
46,opcheey
46,solchedy
47,pshodaiin
48,qotchod
48,teor
48,yfolaiin
48,ykhey
48,ydar
48,solsheey
48,ykeear
48,cheteey
48,tokain
48,ycheody
48,qoka
48,lkair
48,kechedy
48,pchedaiin
48,lkeo
48,shory
48,sheeodar
48,shokar
48,cheokaiin
48,otarain
48,opalkaiin
48,olair
48,otalkedy
48,okalol
48,dcheeody
48,qokeoy
48,chtar
48,shey:o
48,tockhy
48,otaiir
48,keeor
48,qotchody
48,kcheor
48,chckhol
48,chok
48,sheoldy
48,olkor
48,darar
48,octhey
48,otaldy
48,deedy
48,otshdy
49,ckhol
49,qokolchedy
49,chory
49,yteol
49,chokey
49,ctheody
49,polaiin
49,doly
49,ckheol
49,ockhy
49,ycheo
49,ychor
49,shekeey
49,key
49,chepy
49,oshey
49,qoeeor
49,oleeedy
49,oraiiin
49,aram
49,qod
49,cholkar
49,qoeedaiin
49,qotched
49,ytam
49,qoeeedy
49,oeey
49,qoedaiin
49,ysheedy
49,okeed
49,ychol
49,dsheol
49,charam
49,pcheody
49,opal
49,tedaiin
49,fcheey
49,lchs
49,eeedy
49,shoiin
49,shcthhy
49,sheet
49,chcthey
49,cheokain
49,olcheedy
49,qopol
49,tcheody
49,chcthdy
49,daiidy
49,s:r
49,ykchor
49,qokchor
49,chotol
49,chyty
49,ypchey
49,schey
49,kchdy
49,tcheey
49,chodaly
49,otalor
49,chekchy
49,chsdy
49,shckhedy
49,otalshedy
